{
  "version": 3,
  "total_trades": 35,
  "total_pnl": 420.5234900000001,
  "total_wins": 35,
  "total_losses": 0,
  "sessions": 2,
  "first_seen": 1775762599.3046165,
  "markets": {
    "will-porto-win-the-2025-26-uefa-europa-league": {
      "trades": 10,
      "wins": 10,
      "losses": 0,
      "total_pnl": 85.9425,
      "avg_pnl": 8.594249999999999,
      "win_rate": 1.0,
      "avg_hold": 186.58412640094755,
      "fills": 2,
      "timeouts": 8,
      "last_seen": 1775765253.150572,
      "question": "Will Porto win the 2025-26 UEFA Europa League?",
      "risk_score": 0.32000000000000006,
      "profit_score": 0.76
    },
    "will-fernando-dias-da-costa-win-the-2025-guinea-bissau-presidential-election": {
      "trades": 8,
      "wins": 8,
      "losses": 0,
      "total_pnl": 47.15931000000001,
      "avg_pnl": 5.8949137500000015,
      "win_rate": 1.0,
      "avg_hold": 217.16654938459396,
      "fills": 1,
      "timeouts": 7,
      "last_seen": 1775764881.3529575,
      "question": "Will Fernando Dias da Costa win the 2025 Guinea-Bissau presidential election?",
      "risk_score": 0.35000000000000003,
      "profit_score": 0.7375
    },
    "will-siga-batista-win-the-2025-guinea-bissau-presidential-election": {
      "trades": 4,
      "wins": 4,
      "losses": 0,
      "total_pnl": 87.37507000000002,
      "avg_pnl": 21.843767500000006,
      "win_rate": 1.0,
      "avg_hold": 304.40807950496674,
      "fills": 0,
      "timeouts": 4,
      "last_seen": 1775765273.4806788,
      "question": "Will Siga Batista win the 2025 Guinea-Bissau presidential election?",
      "risk_score": 0.4,
      "profit_score": 0.7
    },
    "will-kristi-noem-leave-the-trump-administration-before-2027": {
      "trades": 9,
      "wins": 9,
      "losses": 0,
      "total_pnl": 177.12439999999998,
      "avg_pnl": 19.68048888888889,
      "win_rate": 1.0,
      "avg_hold": 210.11318492889404,
      "fills": 1,
      "timeouts": 8,
      "last_seen": 1775765273.4813633,
      "question": "Will Kristi Noem leave the Trump administration before 2027?",
      "risk_score": 0.35555555555555557,
      "profit_score": 0.7333333333333334
    },
    "will-pt-win-the-most-seats-in-the-2025-guinea-bissau-national-peoples-assembly-election": {
      "trades": 3,
      "wins": 3,
      "losses": 0,
      "total_pnl": 20.633960000000002,
      "avg_pnl": 6.877986666666668,
      "win_rate": 1.0,
      "avg_hold": 304.3152759075165,
      "fills": 0,
      "timeouts": 3,
      "last_seen": 1775764418.983592,
      "question": "Will PT win the most seats in the 2025 Guinea-Bissau National People\u2019s Assembly election?",
      "risk_score": 0.4,
      "profit_score": 0.7
    },
    "scotus-accepts-sports-event-contract-case-by-december-31-2026": {
      "trades": 1,
      "wins": 1,
      "losses": 0,
      "total_pnl": 2.288250000000002,
      "avg_pnl": 2.288250000000002,
      "win_rate": 1.0,
      "avg_hold": 308.6186354160309,
      "fills": 0,
      "timeouts": 1,
      "last_seen": 1775764790.895829,
      "question": "SCOTUS accepts sports event contract case by December 31, 2026?",
      "risk_score": 0.4,
      "profit_score": 0.7
    }
  },
  "patterns": {
    "by_spread": {
      "0.10-0.20": {
        "wins": 24,
        "losses": 0,
        "total_pnl": 352.73022000000003,
        "trades": 24
      },
      "0.20+": {
        "wins": 11,
        "losses": 0,
        "total_pnl": 67.79327,
        "trades": 11
      }
    },
    "by_volume": {
      "50K-500K": {
        "wins": 19,
        "losses": 0,
        "total_pnl": 263.06690000000003,
        "trades": 19
      },
      "5K-50K": {
        "wins": 16,
        "losses": 0,
        "total_pnl": 157.45659000000003,
        "trades": 16
      }
    },
    "by_liquidity": {
      "15K+": {
        "wins": 10,
        "losses": 0,
        "total_pnl": 85.9425,
        "trades": 10
      },
      "3K-7K": {
        "wins": 25,
        "losses": 0,
        "total_pnl": 334.5809900000001,
        "trades": 25
      }
    },
    "by_price": {
      "low": {
        "wins": 14,
        "losses": 0,
        "total_pnl": 173.31757000000002,
        "trades": 14
      },
      "mid_low": {
        "wins": 11,
        "losses": 0,
        "total_pnl": 67.79327,
        "trades": 11
      },
      "mid_high": {
        "wins": 10,
        "losses": 0,
        "total_pnl": 179.41264999999999,
        "trades": 10
      }
    },
    "by_hold_time": {
      "0-30s": {
        "wins": 4,
        "losses": 0,
        "total_pnl": 31.2204,
        "trades": 4
      },
      "300s+": {
        "wins": 20,
        "losses": 0,
        "total_pnl": 216.97799000000003,
        "trades": 20
      },
      "120-300s": {
        "wins": 11,
        "losses": 0,
        "total_pnl": 172.3251,
        "trades": 11
      }
    }
  },
  "time_patterns": {
    "peak": {
      "wins": 0,
      "losses": 0,
      "pnl": 0
    },
    "normal": {
      "wins": 35,
      "losses": 0,
      "pnl": 420.5234900000001
    },
    "quiet": {
      "wins": 0,
      "losses": 0,
      "pnl": 0
    }
  },
  "day_patterns": {
    "Thursday": {
      "wins": 35,
      "losses": 0,
      "pnl": 420.5234900000001
    }
  },
  "avoid_list": [],
  "star_list": [
    "will-porto-win-the-2025-26-uefa-europa-league",
    "will-fernando-dias-da-costa-win-the-2025-guinea-bissau-presidential-election",
    "will-kristi-noem-leave-the-trump-administration-before-2027"
  ],
  "rules": [
    {
      "ts": 1775763302.756034,
      "rule": "STAR: will-porto-win-the-2025-26-uefa-europa-league \u2014 100% WR, $+5.312/trade",
      "type": "star"
    },
    {
      "ts": 1775763332.9026995,
      "rule": "STAR: will-fernando-dias-da-costa-win-the-2025-guinea-bi \u2014 100% WR, $+4.316/trade",
      "type": "star"
    },
    {
      "ts": 1775763352.9916756,
      "rule": "by_spread:0.10-0.20 \u2192 100% WR \u2014 prioritize",
      "type": "pattern_star"
    },
    {
      "ts": 1775763352.9916859,
      "rule": "by_volume:5K-50K \u2192 100% WR \u2014 prioritize",
      "type": "pattern_star"
    },
    {
      "ts": 1775763352.9916878,
      "rule": "by_price:low \u2192 100% WR \u2014 prioritize",
      "type": "pattern_star"
    },
    {
      "ts": 1775763352.9916904,
      "rule": "TIME:normal \u2192 100% WR \u2014 focus here",
      "type": "time_star"
    },
    {
      "ts": 1775763756.3646276,
      "rule": "STAR: will-kristi-noem-leave-the-trump-administration-be \u2014 100% WR, $+2.039/trade",
      "type": "star"
    },
    {
      "ts": 1775764268.2839334,
      "rule": "by_spread:0.10-0.20 \u2192 100% WR \u2014 prioritize",
      "type": "pattern_star"
    },
    {
      "ts": 1775764268.2839417,
      "rule": "by_spread:0.20+ \u2192 100% WR \u2014 prioritize",
      "type": "pattern_star"
    },
    {
      "ts": 1775764268.2839432,
      "rule": "by_volume:50K-500K \u2192 100% WR \u2014 prioritize",
      "type": "pattern_star"
    },
    {
      "ts": 1775764268.2839437,
      "rule": "by_volume:5K-50K \u2192 100% WR \u2014 prioritize",
      "type": "pattern_star"
    },
    {
      "ts": 1775764268.2839448,
      "rule": "by_price:low \u2192 100% WR \u2014 prioritize",
      "type": "pattern_star"
    },
    {
      "ts": 1775764268.283946,
      "rule": "by_price:mid_low \u2192 100% WR \u2014 prioritize",
      "type": "pattern_star"
    },
    {
      "ts": 1775764268.2839499,
      "rule": "TIME:normal \u2192 100% WR \u2014 focus here",
      "type": "time_star"
    },
    {
      "ts": 1775764881.3522978,
      "rule": "by_spread:0.10-0.20 \u2192 100% WR \u2014 prioritize",
      "type": "pattern_star"
    },
    {
      "ts": 1775764881.3523054,
      "rule": "by_spread:0.20+ \u2192 100% WR \u2014 prioritize",
      "type": "pattern_star"
    },
    {
      "ts": 1775764881.352307,
      "rule": "by_volume:50K-500K \u2192 100% WR \u2014 prioritize",
      "type": "pattern_star"
    },
    {
      "ts": 1775764881.352308,