{
  "version": 4,
  "total_trades": 19,
  "total_pnl": 22.140945000000002,
  "total_wins": 19,
  "total_losses": 0,
  "sessions": 1,
  "first_seen": 0,
  "markets": {
    "will-siga-batista-win-the-2025-guinea-bissau-presidential-election": {
      "trades": 3,
      "wins": 3,
      "losses": 0,
      "total_pnl": 11.252814999999998,
      "avg_pnl": 3.7509383333333326,
      "win_rate": 1.0,
      "avg_hold": 173.76049486796063,
      "fills": 2,
      "timeouts": 1,
      "last_seen": 1775776686.4458728,
      "question": "Will Siga Batista win the 2025 Guinea-Bissau presidential election?",
      "risk_score": 0.13333333333333333,
      "profit_score": 0.8999999999999999
    },
    "foreign-intervention-in-gaza-by-june-30": {
      "trades": 3,
      "wins": 3,
      "losses": 0,
      "total_pnl": 4.219200000000001,
      "avg_pnl": 1.4064000000000003,
      "win_rate": 1.0,
      "avg_hold": 144.888032356898,
      "fills": 2,
      "timeouts": 1,
      "last_seen": 1775776686.4424458,
      "question": "Foreign intervention in Gaza by June 30?",
      "risk_score": 0.13333333333333333,
      "profit_score": 0.8999999999999999
    },
    "will-trump-sell-0-gold-cards-in-2026": {
      "trades": 7,
      "wins": 7,
      "losses": 0,
      "total_pnl": 2.5134,
      "avg_pnl": 0.35905714285714285,
      "win_rate": 1.0,
      "avg_hold": 92.56773461614335,
      "fills": 7,
      "timeouts": 0,
      "last_seen": 1775776726.3813286,
      "question": "Will Trump sell 0 Gold Cards in 2026?",
      "risk_score": 0.0,
      "profit_score": 1.0
    },
    "will-fernando-dias-da-costa-win-the-2025-guinea-bissau-presidential-election": {
      "trades": 2,
      "wins": 2,
      "losses": 0,
      "total_pnl": 3.452329999999999,
      "avg_pnl": 1.7261649999999995,
      "win_rate": 1.0,
      "avg_hold": 206.7280157804489,
      "fills": 1,
      "timeouts": 1,
      "last_seen": 1775776737.4658618,
      "question": "Will Fernando Dias da Costa win the 2025 Guinea-Bissau presidential election?",
      "risk_score": 0.2,
      "profit_score": 0.8500000000000001
    },
    "will-waymo-launch-in-dallas-by-june-30-2026": {
      "trades": 4,
      "wins": 4,
      "losses": 0,
      "total_pnl": 0.7032000000000006,
      "avg_pnl": 0.17580000000000015,
      "win_rate": 1.0,
      "avg_hold": 151.46186703443527,
      "fills": 4,
      "timeouts": 0,
      "last_seen": 1775776697.697738,
      "question": "Will Waymo launch in Dallas by June 30 2026?",
      "risk_score": 0.0,
      "profit_score": 1.0
    }
  },
  "patterns": {
    "by_spread": {
      "0.10-0.20": {
        "wins": 16,
        "losses": 0,
        "total_pnl": 17.921745,
        "trades": 16
      },
      "0.20+": {
        "wins": 3,
        "losses": 0,
        "total_pnl": 4.219200000000001,
        "trades": 3
      }
    },
    "by_volume": {
      "5K-50K": {
        "wins": 19,
        "losses": 0,
        "total_pnl": 22.140945000000002,
        "trades": 19
      }
    },
    "by_liquidity": {
      "3K-7K": {
        "wins": 12,
        "losses": 0,
        "total_pnl": 19.627545,
        "trades": 12
      },
      "7K-15K": {
        "wins": 7,
        "losses": 0,
        "total_pnl": 2.5134,
        "trades": 7
      }
    },
    "by_price": {
      "low": {
        "wins": 3,
        "losses": 0,
        "total_pnl": 11.252814999999998,
        "trades": 3
      },
      "mid_low": {
        "wins": 12,
        "losses": 0,
        "total_pnl": 10.18493,
        "trades": 12
      },
      "mid_high": {
        "wins": 4,
        "losses": 0,
        "total_pnl": 0.7032000000000006,
        "trades": 4
      }
    },
    "by_hold_time": {
      "0-30s": {
        "wins": 2,
        "losses": 0,
        "total_pnl": 4.7892,
        "trades": 2
      },
      "30-60s": {
        "wins": 3,
        "losses": 0,
        "total_pnl": 3.3225,
        "trades": 3
      },
      "60-120s": {
        "wins": 6,
        "losses": 0,
        "total_pnl": 4.1525,
        "trades": 6
      },
      "120-300s": {
        "wins": 5,
        "losses": 0,
        "total_pnl": 2.0136000000000003,
        "trades": 5
      },
      "300s+": {
        "wins": 3,
        "losses": 0,
        "total_pnl": 7.8631449999999985,
        "trades": 3
      }
    }
  },
  "time_patterns": {
    "peak": {
      "wins": 0,
      "losses": 0,
      "pnl": 0
    },
    "normal": {
      "wins": 19,
      "losses": 0,
      "pnl": 22.140945000000002
    },
    "quiet": {
      "wins": 0,
      "losses": 0,
      "pnl": 0
    }
  },
  "day_patterns": {
    "Thursday": {
      "wins": 19,
      "losses": 0,
      "pnl": 22.140945000000002
    }
  },
  "avoid_list": [],
  "star_list": [
    "will-siga-batista-win-the-2025-guinea-bissau-presidential-election",
    "foreign-intervention-in-gaza-by-june-30",
    "will-trump-sell-0-gold-cards-in-2026",
    "will-waymo-launch-in-dallas-by-june-30-2026"
  ],
  "rules": [
    {
      "ts": 1775776497.861939,
      "rule": "STAR: will-trump-sell-0-gold-cards-in-2026 \u2014 100% WR, $+0.392/trade",
      "type": "star"
    },
    {
      "ts": 1775776583.972847,
      "rule": "by_spread:0.10-0.20 \u2192 100% WR \u2014 prioritize",
      "type": "pattern_star"
    },
    {
      "ts": 1775776583.9728513,
      "rule": "by_volume:5K-50K \u2192 100% WR \u2014 prioritize",
      "type": "pattern_star"
    },
    {
      "ts": 1775776583.972853,
      "rule": "by_price:mid_low \u2192 100% WR \u2014 prioritize",
      "type": "pattern_star"
    },
    {
      "ts": 1775776583.972855,
      "rule": "TIME:normal \u2192 100% WR \u2014 focus here",
      "type": "time_star"
    },
    {
      "ts": 1775776681.434229,
      "rule": "STAR: will-waymo-launch-in-dallas-by-june-30-2026 \u2014 100% WR, $+0.233/trade",
      "type": "star"
    },
    {
      "ts": 1775776686.4424686,
      "rule": "STAR: foreign-intervention-in-gaza-by-june-30 \u2014 100% WR, $+1.406/trade",
      "type": "star"
    },
    {
      "ts": 1775776686.445898,
      "rule": "STAR: will-siga-batista-win-the-2025-guinea-bissau-presi \u2014 100% WR, $+3.751/trade",
      "type": "star"
    }
  ],
  "last_updated": 1775776737.465896
}