{
  "version": 4,
  "total_trades": 122,
  "total_pnl": 401.193265,
  "total_wins": 116,
  "total_losses": 6,
  "sessions": 5,
  "first_seen": 1775823672.240313,
  "markets": {
    "stripe-ipo-before-2027": {
      "trades": 28,
      "wins": 26,
      "losses": 2,
      "total_pnl": 20.46272,
      "avg_pnl": 0.7308114285714286,
      "win_rate": 0.9285714285714286,
      "avg_hold": 67.84436562231609,
      "fills": 25,
      "timeouts": 3,
      "last_seen": 1775838733.2213955,
      "question": "Stripe IPO before 2027?",
      "risk_score": 0.07142857142857142,
      "profit_score": 0.9392857142857143
    },
    "will-usdt-market-cap-hit-200b-before-2027": {
      "trades": 20,
      "wins": 20,
      "losses": 0,
      "total_pnl": 8.523449999999997,
      "avg_pnl": 0.42617249999999984,
      "win_rate": 1.0,
      "avg_hold": 42.29173085689545,
      "fills": 20,
      "timeouts": 0,
      "last_seen": 1775838955.10464,
      "question": "Will USDT market cap hit $200B before 2027?",
      "risk_score": 0.0,
      "profit_score": 1.0
    },
    "will-fernando-dias-da-costa-win-the-2025-guinea-bissau-presidential-election": {
      "trades": 15,
      "wins": 14,
      "losses": 1,
      "total_pnl": 26.530469999999998,
      "avg_pnl": 1.7686979999999999,
      "win_rate": 0.9333333333333333,
      "avg_hold": 64.01655181248984,
      "fills": 15,
      "timeouts": 0,
      "last_seen": 1775829918.838948,
      "question": "Will Fernando Dias da Costa win the 2025 Guinea-Bissau presidential election?",
      "risk_score": 0.02666666666666667,
      "profit_score": 0.9733333333333334
    },
    "will-pt-win-the-most-seats-in-the-2025-guinea-bissau-national-peoples-assembly-election": {
      "trades": 3,
      "wins": 0,
      "losses": 3,
      "total_pnl": -1.8147,
      "avg_pnl": -0.6049,
      "win_rate": 0.0,
      "avg_hold": 209.9168884754181,
      "fills": 3,
      "timeouts": 0,
      "last_seen": 1775825044.0762432,
      "question": "Will PT win the most seats in the 2025 Guinea-Bissau National People\u2019s Assembly election?",
      "risk_score": 0.6000000000000001,
      "profit_score": 0.3
    },
    "will-openai-launch-a-new-consumer-hardware-product-by-december-31-2026": {
      "trades": 15,
      "wins": 15,
      "losses": 0,
      "total_pnl": 10.697170000000002,
      "avg_pnl": 0.7131446666666668,
      "win_rate": 1.0,
      "avg_hold": 55.92734835942586,
      "fills": 15,
      "timeouts": 0,
      "last_seen": 1775839444.3372557,
      "question": "Will OpenAI launch a new consumer hardware product by December 31, 2026?",
      "risk_score": 0.0,
      "profit_score": 1.0
    },
    "will-israel-annex-any-territory-by-june-30": {
      "trades": 2,
      "wins": 2,
      "losses": 0,
      "total_pnl": 17.74383,
      "avg_pnl": 8.871915,
      "win_rate": 1.0,
      "avg_hold": 164.91265189647675,
      "fills": 1,
      "timeouts": 1,
      "last_seen": 1775838221.9330041,
      "question": "Will Israel annex any territory by June 30?",
      "risk_score": 0.2,
      "profit_score": 0.8500000000000001
    },
    "foreign-intervention-in-gaza-by-june-30": {
      "trades": 4,
      "wins": 4,
      "losses": 0,
      "total_pnl": 4.535900000000001,
      "avg_pnl": 1.1339750000000002,
      "win_rate": 1.0,
      "avg_hold": 47.69066244363785,
      "fills": 4,
      "timeouts": 0,
      "last_seen": 1775830423.7540524,
      "question": "Foreign intervention in Gaza by June 30?",
      "risk_score": 0.0,
      "profit_score": 1.0
    },
    "will-israel-launch-a-major-ground-offensive-in-gaza-by-december-31-828": {
      "trades": 1,
      "wins": 1,
      "losses": 0,
      "total_pnl": 0.3551,
      "avg_pnl": 0.3551,
      "win_rate": 1.0,
      "avg_hold": 10.271045446395874,
      "fills": 1,
      "timeouts": 0,
      "last_seen": 1775830699.3220696,
      "question": "Will Israel launch a major ground offensive in Gaza by December 31?",
      "risk_score": 0.0,
      "profit_score": 1.0
    },
    "israeli-parliament-dissolved-by-june-30": {
      "trades": 10,
      "wins": 10,
      "losses": 0,
      "total_pnl": 37.17956000000001,
      "avg_pnl": 3.717956000000001,
      "win_rate": 1.0,
      "avg_hold": 42.018702268600464,
      "fills": 10,
      "timeouts": 0,
      "last_seen": 1775840181.72922,
      "question": "Israeli parliament dissolved by June 30?",
      "risk_score": 0.0,
      "profit_score": 1.0
    },
    "will-the-feds-upper-bound-reach-5pt5-or-higher-before-2027-767": {
      "trades": 18,
      "wins": 18,
      "losses": 0,
      "total_pnl": 250.31002499999994,
      "avg_pnl": 13.906112499999997,
      "win_rate": 1.0,
      "avg_hold": 143.62652695178986,
      "fills": 17,
      "timeouts": 1,
      "last_seen": 1775839388.5297027,
      "question": "Will the Fed\u2019s upper bound reach 5.5% or higher before 2027?",
      "risk_score": 0.022222222222222223,
      "profit_score": 0.9833333333333334
    },
    "weed-rescheduled-by-december-31": {
      "trades": 3,
      "wins": 3,
      "losses": 0,
      "total_pnl": 0.7233399999999999,
      "avg_pnl": 0.2411133333333333,
      "win_rate": 1.0,
      "avg_hold": 144.49953031539917,
      "fills": 3,
      "timeouts": 0,
      "last_seen": 1775838907.0090861,
      "question": "Weed rescheduled by December 31?",
      "risk_score": 0.0,
      "profit_score": 1.0
    },
    "us-forces-in-gaza-before-2027": {
      "trades": 2,
      "wins": 2,
      "losses": 0,
      "total_pnl": 3.7359000000000004,
      "avg_pnl": 1.8679500000000002,
      "win_rate": 1.0,
      "avg_hold": 26.436821460723877,
      "fills": 2,
      "timeouts": 0,
      "last_seen": 1775839601.64018,
      "question": "U.S. forces in Gaza before 2027?",
      "risk_score": 0.0,
      "profit_score": 1.0
    },
    "will-andy-beshear-announce-a-presidential-run-before-2027": {
      "trades": 1,
      "wins": 1,
      "losses": 0,
      "total_pnl": 22.210500000000003,
      "avg_pnl": 22.210500000000003,
      "win_rate": 1.0,
      "avg_hold": 300.17362809181213,
      "fills": 0,
      "timeouts": 1,
      "last_seen": 1775839859.1275954,
      "question": "Will Andy Beshear announce a Presidential run before 2027?",
      "risk_score": 0.4,
      "profit_score": 0.7
    }
  },
  "patterns": {
    "by_spread": {
      "0.10-0.20": {
        "wins": 95,
        "losses": 2,
        "total_pnl": 369.423235,
        "trades": 97
      },
      "0.20+": {
        "wins": 10,
        "losses": 2,
        "total_pnl": 8.7405,
        "trades": 12
      },
      "0.06-0.10": {
        "wins": 8,
        "losses": 0,
        "total_pnl": 27.586409999999997,
        "trades": 8
      },
      "0.04-0.06": {
        "wins": 3,
        "losses": 2,
        "total_pnl": -4.55688,
        "trades": 5
      }
    },
    "by_volume": {
      "50K-500K": {
        "wins": 58,
        "losses": 2,
        "total_pnl": 83.90955999999998,
        "trades": 60
      },
      "5K-50K": {
        "wins": 57,
        "losses": 4,
        "total_pnl": 295.07320500000003,
        "trades": 61
      },
      "1K-5K": {
        "wins": 1,
        "losses": 0,
        "total_pnl": 22.210500000000003,
        "trades": 1
      }
    },
    "by_liquidity": {
      "3K-7K": {
        "wins": 58,
        "losses": 6,
        "total_pnl": 107.07579999999999,
        "trades": 64
      },
      "7K-15K": {
        "wins": 38,
        "losses": 0,
        "total_pnl": 260.131355,
        "trades": 38
      },
      "2K-3K": {
        "wins": 20,
        "losses": 0,
        "total_pnl": 33.986110000000004,
        "trades": 20
      }
    },
    "by_price": {
      "mid_low": {
        "wins": 64,
        "losses": 4,
        "total_pnl": 114.53196999999999,
        "trades": 68
      },
      "high": {
        "wins": 20,
        "losses": 0,
        "total_pnl": 8.523449999999997,
        "trades": 20
      },
      "low": {
        "wins": 31,
        "losses": 2,