{
  "version": 4,
  "total_trades": 75,
  "total_pnl": 73.14773000000001,
  "total_wins": 71,
  "total_losses": 4,
  "sessions": 4,
  "first_seen": 1775823672.240313,
  "markets": {
    "stripe-ipo-before-2027": {
      "trades": 26,
      "wins": 26,
      "losses": 0,
      "total_pnl": 28.622000000000003,
      "avg_pnl": 1.100846153846154,
      "win_rate": 1.0,
      "avg_hold": 49.249066985570465,
      "fills": 25,
      "timeouts": 1,
      "last_seen": 1775830331.9721544,
      "question": "Stripe IPO before 2027?",
      "risk_score": 0.015384615384615385,
      "profit_score": 0.9884615384615385
    },
    "will-usdt-market-cap-hit-200b-before-2027": {
      "trades": 16,
      "wins": 16,
      "losses": 0,
      "total_pnl": 7.431589999999997,
      "avg_pnl": 0.46447437499999983,
      "win_rate": 1.0,
      "avg_hold": 30.30294728279114,
      "fills": 16,
      "timeouts": 0,
      "last_seen": 1775827731.1991684,
      "question": "Will USDT market cap hit $200B before 2027?",
      "risk_score": 0.0,
      "profit_score": 1.0
    },
    "will-fernando-dias-da-costa-win-the-2025-guinea-bissau-presidential-election": {
      "trades": 15,
      "wins": 14,
      "losses": 1,
      "total_pnl": 26.530469999999998,
      "avg_pnl": 1.7686979999999999,
      "win_rate": 0.9333333333333333,
      "avg_hold": 64.01655181248984,
      "fills": 15,
      "timeouts": 0,
      "last_seen": 1775829918.838948,
      "question": "Will Fernando Dias da Costa win the 2025 Guinea-Bissau presidential election?",
      "risk_score": 0.02666666666666667,
      "profit_score": 0.9733333333333334
    },
    "will-pt-win-the-most-seats-in-the-2025-guinea-bissau-national-peoples-assembly-election": {
      "trades": 3,
      "wins": 0,
      "losses": 3,
      "total_pnl": -1.8147,
      "avg_pnl": -0.6049,
      "win_rate": 0.0,
      "avg_hold": 209.9168884754181,
      "fills": 3,
      "timeouts": 0,
      "last_seen": 1775825044.0762432,
      "question": "Will PT win the most seats in the 2025 Guinea-Bissau National People\u2019s Assembly election?",
      "risk_score": 0.6000000000000001,
      "profit_score": 0.3
    },
    "will-openai-launch-a-new-consumer-hardware-product-by-december-31-2026": {
      "trades": 9,
      "wins": 9,
      "losses": 0,
      "total_pnl": 6.773130000000001,
      "avg_pnl": 0.7525700000000001,
      "win_rate": 1.0,
      "avg_hold": 64.493554910024,
      "fills": 9,
      "timeouts": 0,
      "last_seen": 1775830676.028861,
      "question": "Will OpenAI launch a new consumer hardware product by December 31, 2026?",
      "risk_score": 0.0,
      "profit_score": 1.0
    },
    "will-israel-annex-any-territory-by-june-30": {
      "trades": 1,
      "wins": 1,
      "losses": 0,
      "total_pnl": 0.71424,
      "avg_pnl": 0.71424,
      "win_rate": 1.0,
      "avg_hold": 23.29325032234192,
      "fills": 1,
      "timeouts": 0,
      "last_seen": 1775830301.3531005,
      "question": "Will Israel annex any territory by June 30?",
      "risk_score": 0.0,
      "profit_score": 1.0
    },
    "foreign-intervention-in-gaza-by-june-30": {
      "trades": 4,
      "wins": 4,
      "losses": 0,
      "total_pnl": 4.535900000000001,
      "avg_pnl": 1.1339750000000002,
      "win_rate": 1.0,
      "avg_hold": 47.69066244363785,
      "fills": 4,
      "timeouts": 0,
      "last_seen": 1775830423.7540524,
      "question": "Foreign intervention in Gaza by June 30?",
      "risk_score": 0.0,
      "profit_score": 1.0
    },
    "will-israel-launch-a-major-ground-offensive-in-gaza-by-december-31-828": {
      "trades": 1,
      "wins": 1,
      "losses": 0,
      "total_pnl": 0.3551,
      "avg_pnl": 0.3551,
      "win_rate": 1.0,
      "avg_hold": 10.271045446395874,
      "fills": 1,
      "timeouts": 0,
      "last_seen": 1775830699.3220696,
      "question": "Will Israel launch a major ground offensive in Gaza by December 31?",
      "risk_score": 0.0,
      "profit_score": 1.0
    }
  },
  "patterns": {
    "by_spread": {
      "0.10-0.20": {
        "wins": 53,
        "losses": 2,
        "total_pnl": 53.98391000000001,
        "trades": 55
      },
      "0.20+": {
        "wins": 10,
        "losses": 2,
        "total_pnl": 8.7405,
        "trades": 12
      },
      "0.06-0.10": {
        "wins": 5,
        "losses": 0,
        "total_pnl": 6.820920000000001,
        "trades": 5
      },
      "0.04-0.06": {
        "wins": 3,
        "losses": 0,
        "total_pnl": 3.6024000000000007,
        "trades": 3
      }
    },
    "by_volume": {
      "50K-500K": {
        "wins": 43,
        "losses": 0,
        "total_pnl": 36.76783,
        "trades": 43
      },
      "5K-50K": {
        "wins": 28,
        "losses": 4,
        "total_pnl": 36.37989999999999,
        "trades": 32
      }
    },
    "by_liquidity": {
      "3K-7K": {
        "wins": 44,
        "losses": 4,
        "total_pnl": 57.87367000000001,
        "trades": 48
      },
      "7K-15K": {
        "wins": 17,
        "losses": 0,
        "total_pnl": 8.145829999999997,
        "trades": 17
      },
      "2K-3K": {
        "wins": 10,
        "losses": 0,
        "total_pnl": 7.128230000000001,
        "trades": 10
      }
    },
    "by_price": {
      "mid_low": {
        "wins": 42,
        "losses": 4,
        "total_pnl": 51.93954000000001,
        "trades": 46
      },
      "high": {
        "wins": 16,
        "losses": 0,
        "total_pnl": 7.431589999999997,
        "trades": 16
      },
      "low": {
        "wins": 12,
        "losses": 0,
        "total_pnl": 13.421500000000002,
        "trades": 12
      },
      "mid_high": {
        "wins": 1,
        "losses": 0,
        "total_pnl": 0.3551,
        "trades": 1
      }
    },
    "by_hold_time": {
      "0-30s": {
        "wins": 32,
        "losses": 0,
        "total_pnl": 45.08153,
        "trades": 32
      },
      "30-60s": {
        "wins": 22,
        "losses": 0,
        "total_pnl": 18.635690000000004,
        "trades": 22
      },
      "60-120s": {
        "wins": 13,
        "losses": 1,
        "total_pnl": 10.208790000000002,
        "trades": 14
      },
      "120-300s": {
        "wins": 3,
        "losses": 3,
        "total_pnl": -1.35336,
        "trades": 6
      },
      "300s+": {
        "wins": 1,
        "losses": 0,
        "total_pnl": 0.5750799999999998,
        "trades": 1
      }
    }
  },
  "time_patterns": {
    "peak": {
      "wins": 0,
      "losses": 0,
      "pnl": 0
    },
    "normal": {
      "wins": 71,
      "losses": 4,
      "pnl": 73.14773000000001
    },
    "quiet": {
      "wins": 0,
      "losses": 0,
      "pnl": 0
    }
  },
  "day_patterns": {
    "Friday": {
      "wins": 71,
      "losses": 4,
      "pnl": 73.14773000000001
    }
  },
  "avoid_list": [],
  "star_list": [
    "stripe-ipo-before-2027",
    "will-usdt-market-cap-hit-200b-before-2027",
    "will-fernando-dias-da-costa-win-the-2025-guinea-bissau-presidential-election",
    "will-openai-launch-a-new-consumer-hardware-product-by-december-31-2026",
    "foreign-intervention-in-gaza-by-june-30"
  ],
  "rules": [
    {
      "ts": 1775824033.2822688,
      "rule": "by_spread:0.10-0.20 \u2192 80% WR \u2014 prioritize",
      "type": "pattern_star"
    },
    {
      "ts": 1775824033.2822728,
      "rule": "by_volume:50K-500K \u2192 100% WR \u2014 prioritize",
      "type": "pattern_star"
    },
    {
      "ts": 1775824033.2822745,
      "rule": "by_price:mid_low \u2192 71% WR \u2014 prioritize",
      "type": "pattern_star"
    },
    {
      "ts": 1775824033.2822773,
      "rule": "TIME:normal \u2192 80% WR \u2014 focus here",
      "type": "time_star"
    },
    {
      "ts": 1775824171.0843675,
      "rule": "STAR: will-fernando-dias-da-costa-win-the-2025-guinea-bi \u2014 67% WR, $+0.713/trade",
      "type": "star"
    },
    {
      "ts": 1775824201.6820183,
      "rule": "by_spread:0.10-0.20 \u2192 90% WR \u2014 prioritize",